onset	duration	sample	value
0.0000000000	n/a	0	boundary
14.8270000000	1.0000000000	14827	s22
32.8770000000	1.0000000000	32877	s22
52.9270000000	1.0000000000	52927	s22
72.9770000000	1.0000000000	72977	s22
93.0280000000	1.0000000000	93028	s22
113.0780000000	1.0000000000	113078	s22
133.1280000000	1.0000000000	133128	s22
153.1790000000	1.0000000000	153179	s22
172.2290000000	1.0000000000	172229	s22
190.2790000000	1.0000000000	190279	s22
209.3290000000	1.0000000000	209329	s22
228.3800000000	1.0000000000	228380	s22
248.4300000000	1.0000000000	248430	s22
266.4800000000	1.0000000000	266480	s22
285.5300000000	1.0000000000	285530	s22
303.5810000000	1.0000000000	303581	s22
321.6310000000	1.0000000000	321631	s22
339.6810000000	1.0000000000	339681	s22
358.7320000000	1.0000000000	358732	s22
376.7820000000	1.0000000000	376782	s22
395.8320000000	1.0000000000	395832	s22
415.8820000000	1.0000000000	415882	s22
435.9330000000	1.0000000000	435933	s22
454.9830000000	1.0000000000	454983	s22
474.0330000000	1.0000000000	474033	s22
492.0830000000	1.0000000000	492083	s22
512.1340000000	1.0000000000	512134	s22
531.1840000000	1.0000000000	531184	s22
549.2340000000	1.0000000000	549234	s22
567.2840000000	1.0000000000	567284	s22
678.1690000000	1.0000000000	678169	s11
858.1890000000	1.0000000000	858189	s12
919.2400000000	1.0000000000	919240	s8
1530.2650000000	1.0000000000	1530265	s9
1554.4650000000	1.0000000000	1554465	s13
1734.4850000000	1.0000000000	1734485	s14
1840.4030000000	1.0000000000	1840403	s32
1858.4530000000	1.0000000000	1858453	s32
1878.5030000000	1.0000000000	1878503	s32
1898.5540000000	1.0000000000	1898554	s32
1918.6040000000	1.0000000000	1918604	s32
1938.6540000000	1.0000000000	1938654	s32
1958.7040000000	1.0000000000	1958704	s32
1978.7550000000	1.0000000000	1978755	s32
1997.8050000000	1.0000000000	1997805	s32
2015.8550000000	1.0000000000	2015855	s32
2034.9060000000	1.0000000000	2034906	s32
2053.9560000000	1.0000000000	2053956	s32
2074.0060000000	1.0000000000	2074006	s32
2092.0560000000	1.0000000000	2092056	s32
2111.1070000000	1.0000000000	2111107	s32
2129.1570000000	1.0000000000	2129157	s32
2147.2070000000	1.0000000000	2147207	s32
2165.2570000000	1.0000000000	2165257	s32
2184.3080000000	1.0000000000	2184308	s32
2202.3580000000	1.0000000000	2202358	s32
2221.4080000000	1.0000000000	2221408	s32
2241.4580000000	1.0000000000	2241458	s32
2261.5090000000	1.0000000000	2261509	s32
2280.5590000000	1.0000000000	2280559	s32
2299.6090000000	1.0000000000	2299609	s32
2317.6600000000	1.0000000000	2317660	s32
2337.7100000000	1.0000000000	2337710	s32
2356.7600000000	1.0000000000	2356760	s32
2374.8100000000	1.0000000000	2374810	s32
2392.8610000000	1.0000000000	2392861	s32
2405.4540000000	1.0000000000	2405454	Impedance
2405.4570000000	n/a	2405457	boundary
2405.4570000000	1.0000000000	2405457	Impedance
2416.1880000000	1.0000000000	2416188	Impedance
